date        , rating, review_text                                                                                                                                                                                                                                                                                                                                                                                                                                                                                                                                                                                                                                                                                                                                                                                                                                                                                                                                                                                                                                                                                                                                                                                                                                                                                                                                                                                                                                                                                                                                                                                                                                                                                                                                                                                                                                                                                                                                                                                                                                                                                                                                                                                                                                                                                                                                                                                                                                                                                                                                                                                                                                                                                                                                                                                                                                                                                                                                                                                                                                                                  , film_id                 , film_title                     , director
25 Sep 2025 ,    5.0, "Grips you from the first minute and refuses to let go. Whether youre struck with fear by the ever-relevant depictions of militarized violence, or youre laughing at the hundredth dadfailure Leo moment, youre in for an absolutely unforgettable time at the movies. I seriously feel bad for every other film that comes out this year."                                                                                                                                                                                                                                                                                                                                                                                                                                                                                                                                                                                                                                                                                                                                                                                                                                                                                                                                                                                                                                                                                                                                                                                                                                                                                                                                                                                                                                                                                                                                                                                                                                                                                                                                                                                                                                                                                                                                                                                                                                                                                                                                                                                                                                                                                                                                                                                                                                                                                                                                                                                                                                                                                                                                  , one-battle-after-another, One Battle After Another (2025), Paul Thomas Anderson
26 Sep 2025 ,    5.0, "a three-hour-long panic attack starring leonardo dicaprio as the big lebowski and sean penn as satan. a dystopian drama where the ruined world isnt one of fiction, but the one we already live in. yet even though hell is here, hope never left. its hereditary, passed from generation to generation alongside the baggage they saddle us with - the lone silver lining they leave behind, but one strong enough to beat back all the other bullshit.
                      never forget that that silver lining lives on in each of us, because this fight never ends - it only evolves. and now, were on the frontlines.
                      viva la revolución."                                                                                                                                                                                                                                                                                                                                                                                                                                                                                                                                                                                                                                                                                                                                                                                                                                                                                                                                                                                                                                                                                                                                                                                                                                                                                                                                                                                                                                                                                                                                                                                                                                                                                                                                                                                                                                                                                                                                                                                                                                                                                                                                                                                                                                                                                                                                                                                                                                                                                                                                                                                                                                                                                                                                                                                                                                                                                                                                                                                                                                                         , one-battle-after-another, One Battle After Another (2025), Paul Thomas Anderson
08 Oct 2025 ,    0.0, "feel like i havent watched a film in aaaaages coz of being on honeymoon and being in paris and having a weird body clock at the moment where im just sort of up all hours of the day working but i finally went to see the pta in paris with finn after being in the studio. it was literally the hottest theatre ive ever been to which just sort of added to the stress but yeah this was super cool and everyone came through with big big swings in their performances which i love and i feel we need more of in general. teyana and chase were on fire, leos timing killssssss me hes so damn funny and i think im beginning to realize that i am just obsessed with benicio. honorable mention to sean penns physicality! nice to watch a movie again!"                                                                                                                                                                                                                                                                                                                                                                                                                                                                                                                                                                                                                                                                                                                                                                                                                                                                                                                                                                                                                                                                                                                                                                                                                                                                                                                                                                                                                                                                                                                                                                                                                                                                                                                                                                                                                                                                                                                                                                                                                                                                                                                                                                                                                                                                                                              , one-battle-after-another, One Battle After Another (2025), Paul Thomas Anderson
24 Sep 2025 ,    1.0, what a mess. you know when the movie has a Fortnite tie-in event its only using revolution as an aesthetic. Im sure the people getting kidnapped in ICE raids right now are glad PTA got 100 million dollars to make this movie where their plight is the backdrop for a Leo DiCaprio action comedy.                                                                                                                                                                                                                                                                                                                                                                                                                                                                                                                                                                                                                                                                                                                                                                                                                                                                                                                                                                                                                                                                                                                                                                                                                                                                                                                                                                                                                                                                                                                                                                                                                                                                                                                                                                                                                                                                                                                                                                                                                                                                                                                                                                                                                                                                                                                                                                                                                                                                                                                                                                                                                                                                                                                                                                         , one-battle-after-another, One Battle After Another (2025), Paul Thomas Anderson
17 Sep 2025 ,    5.0, "Completely fucking mad. The real deal. A wonderful fatherdaughter espionage thriller, kind of THE generation-defining blockbuster. A non-stop trip characterised by many howl-inducing comedic lines (I was fucking crying with laughter at points) and a blistering assessment of the oppressive underworld swallowing modern America. This will be looked back on as miles ahead of its years in decades to come. Defies all cinematic logic in that it barely takes a single breath yet never feels like there is too much going on - like being continuously punched in the face but still craving more. Miracle how this works as well as it does! Full of energy. dominated by entirely opposite extremes of the spectrum, pulling for long-past periods. Sean Penn is wickedly evil, and there arent many DiCaprio performances I would choose over this one. Seriously though, Sean Penn is unbelievable. Im still on edge an hour after watching. Inject it! The best of the year! Cloud nine."                                                                                                                                                                                                                                                                                                                                                                                                                                                                                                                                                                                                                                                                                                                                                                                                                                                                                                                                                                                                                                                                                                                                                                                                                                                                                                                                                                                                                                                                                                                                                                                                                                                                                                                                                                                                                                                                                                                                                                                                                                                                    , one-battle-after-another, One Battle After Another (2025), Paul Thomas Anderson
28 Sept 2025,    0.5, This has got to be the worst depiction of DNA Gel Electrophoresis I have ever seen in a movie.                                                                                                                                                                                                                                                                                                                                                                                                                                                                                                                                                                                                                                                                                                                                                                                                                                                                                                                                                                                                                                                                                                                                                                                                                                                                                                                                                                                                                                                                                                                                                                                                                                                                                                                                                                                                                                                                                                                                                                                                                                                                                                                                                                                                                                                                                                                                                                                                                                                                                                                                                                                                                                                                                                                                                                                                                                                                                                                                                                               , one-battle-after-another, One Battle After Another (2025), Paul Thomas Anderson
17 Sep 2025 ,    5.0, "Until his monumental new film, Paul Thomas Anderson had only made a single narrative feature set in the 21st century, and that movie  a love story about a plunger salesman who hoards pudding cups, gets extorted by the owner of a phone sex line, and shares an iconic kiss to the sound of a Shelley Duvall song from 1980  was less of its time than out of it. After that came an origin story about the birth of American capitalism, two post-war fables about people trying to sow their own visions of the future, a patchouli-scented lament for the lost promise of 60s counterculture, and a star-crossed romance set against the 1973 oil crisis."                                                                                                                                                                                                                                                                                                                                                                                                                                                                                                                                                                                                                                                                                                                                                                                                                                                                                                                                                                                                                                                                                                                                                                                                                                                                                                                                                                                                                                                                                                                                                                                                                                                                                                                                                                                                                                                                                                                                                                                                                                                                                                                                                                                                                                                                                                                                                                                                            , one-battle-after-another, One Battle After Another (2025), Paul Thomas Anderson
23 Sep 2025 ,    4.5, "For a long time now a few of us have said we prefer Coke Kid PTA to Weed Dad PTA, and have held some hope that the former might return for one last shot. Instead, here Anderson miraculously manages to synthesize those two hearts into something both truly unexpected and characteristically idiosyncratic. Undeniably vital, deliberately silly, deeply sincere."                                                                                                                                                                                                                                                                                                                                                                                                                                                                                                                                                                                                                                                                                                                                                                                                                                                                                                                                                                                                                                                                                                                                                                                                                                                                                                                                                                                                                                                                                                                                                                                                                                                                                                                                                                                                                                                                                                                                                                                                                                                                                                                                                                                                                                                                                                                                                                                                                                                                                                                                                                                                                                                                                                      , one-battle-after-another, One Battle After Another (2025), Paul Thomas Anderson
30 Sep 2025 ,    0.5, I havent been so offended by a movie in a long time. This is disgraceful. It doesnt surprise me to see the general public heap praise on this movie but Im stunned by the number of leftists I see raving about this. Maybe thats just a reminder of how far gone the American left is. My goodness. The way Black women were portrayed in this made me ill. Teyana Taylor was reduced to the worst of Hollywoods caricature of Black Women. An oversexed jezebel who cant even so much as finish a revolutionary mission without quenching her thirst for the White man. The inclusion of JunglePussy ( I know shes a rapper so Trader Joes thats a bop) felt intentional given how this whole thing portrayed Black Women. I mean come on the name JunglePussy are you kidding me??                                                                                                                                                                                                                                                                                                                                                                                                                                                                                                                                                                                                                                                                                                                                                                                                                                                                                                                                                                                                                                                                                                                                                                                                                                                                                                                                                                                                                                                                                                                                                                                                                                                                                                                                                                                                                                                                                                                                                                                                                                                                                                                                                                                                                                                                                        , one-battle-after-another, One Battle After Another (2025), Paul Thomas Anderson
23 Sep 2025 ,    2.5, "Pretty bummed about this one. The performances are strong  its beautifully shot, but I cant get over how meandering and never-ending it all felt. Genuinely moves at a snails pace. To me, the movie never fully commits to its ideas of revolutionmaking meaningful change in society. Honestly, the whole film came off as performative. "                                                                                                                                                                                                                                                                                                                                                                                                                                                                                                                                                                                                                                                                                                                                                                                                                                                                                                                                                                                                                                                                                                                                                                                                                                                                                                                                                                                                                                                                                                                                                                                                                                                                                                                                                                                                                                                                                                                                                                                                                                                                                                                                                                                                                                                                                                                                                                                                                                                                                                                                                                                                                                                                                                                                , one-battle-after-another, One Battle After Another (2025), Paul Thomas Anderson
07 Sep 2025 ,    5.0, "loved it from start to finish. electrifying!! funny, maddening, sweet, and unbelievably tense. there was hints of PTAs penchant for grounded high-strung action in Punch Drunk Love but the few scenes where he goes all out here make me want to see him go even harder. car chase near the end is an all-timer, i think well be talking about it for ages. leo is obviously and predictably great, but chase infiniti is really good and sean penn... jesus. standout performance for sure, his physicality is so gross and familiar, and genuinely enraging. rfk meets amon göth. a few moments with him nearly brought me to frustrated tears. a lock for best supporting actor. and im gonna call it i think this is gonna win best picture. (understood that this will sound like undue hype but i think there are several meta factors at play here. its unbelievably timely and political and PTA is long overdue but also, its just a really really good movie!) teyana taylor and benicio also really fantastic."                                                                                                                                                                                                                                                                                                                                                                                                                                                                                                                                                                                                                                                                                                                                                                                                                                                                                                                                                                                                                                                                                                                                                                                                                                                                                                                                                                                                                                                                                                                                                                                                                                                                                                                                                                                                                                                                                                                                                                                                                                                 , one-battle-after-another, One Battle After Another (2025), Paul Thomas Anderson
15 Apr 2025 ,    4.5, "A horror film that spends an entire hour setting up characters, place, and time so that when people start dying you actually give a shit.
                      Pretty sure this entered classic status in my heart when the Asian characters opened their mouths for the first time in a film set in 1932 and spoke with a southern accent."                                                                                                                                                                                                                                                                                                                                                                                                                                                                                                                                                                                                                                                                                                                                                                                                                                                                                                                                                                                                                                                                                                                                                                                                                                                                                                                                                                                                                                                                                                                                                                                                                                                                                                                                                                                                                                                                                                                                                                                                                                                                                                                                                                                                                                                                                                                                                                                                                                                                                                                                                                                                                                                                                                                                                                                                                                                                                                , sinners-2025            , Sinners (2025)                 , Ryan Coogler
18 Apr 2025 ,    4.5, "The conjuring spirits scene is one of the boldest swings I have seen in a blockbuster produced in my lifetime. Fucking cool. First time Ive seen a post-credits scene that feels both narratively important and necessarily placed after the credits. Always nice to get a reminder that Delroy Lindo is undoubtedly one of the best actors alive. Love Wunmi Mosaku so much. Classically Horror segment in the middle where characters are yell-at-the-screen-frustratingly-dumb but it builds to a GREAT moment where you can feel the entire theater squirm in discomfort of what we know is coming. Terrific theater experience. So fun to watch with a crowd. Impeccably paced too, the kind of movie you can watch multiple times in a weekend without feeling exhausted by its weight. Cooglers a generational talent and its so sick to see whats in his heart. Autumn Durald Arkapaws cinematography is so gorgeous in IMAX!"                                                                                                                                                                                                                                                                                                                                                                                                                                                                                                                                                                                                                                                                                                                                                                                                                                                                                                                                                                                                                                                                                                                                                                                                                                                                                                                                                                                                                                                                                                                                                                                                                                                                                                                                                                                                                                                                                                                                                                                                                                                                                                                                      , sinners-2025            , Sinners (2025)                 , Ryan Coogler
18 Apr 2025 ,    4.5, "Its a horror movie about vampires in the American South, 1932, but thats all just set dressing. Its such an intoxicating blend of genres, a movie that is a melting pot just like the cultural heritage this movie explores. "                                                                                                                                                                                                                                                                                                                                                                                                                                                                                                                                                                                                                                                                                                                                                                                                                                                                                                                                                                                                                                                                                                                                                                                                                                                                                                                                                                                                                                                                                                                                                                                                                                                                                                                                                                                                                                                                                                                                                                                                                                                                                                                                                                                                                                                                                                                                                                                                                                                                                                                                                                                                                                                                                                                                                                                                                                              , sinners-2025            , Sinners (2025)                 , Ryan Coogler
18 Apr 2025 ,    5.0, "100
                      Pierce the veil.
                      Assimilation is a threat to the binding ties of community, while music is a precious, transcendent commodity.
                      This is a film about fighting for what is yours. Keeping it close and keeping it safe and being able to share it with the people you love.
                      A siege horror period drama musical. Drips off the screen with sex and style and warm blood. Generational.
                      More thoughts in podcast form.  "                                                                                                                                                                                                                                                                                                                                                                                                                                                                                                                                                                                                                                                                                                                                                                                                                                                                                                                                                                                                                                                                                                                                                                                                                                                                                                                                                                                                                                                                                                                                                                                                                                                                                                                                                                                                                                                                                                                                                                                                                                                                                                                                                                                                                                                                                                                                                                                                                                                                                                                                                                                                                                                                                                                                                                                                                                                                                                                                                                                                                                            , sinners-2025            , Sinners (2025)                 , Ryan Coogler
21 Apr 2025 ,    2.5, "Once again a modern movie with tons of praise drives me to the theater and I leave feeling like I saw something decidedly generic and messy. It happened with The Wild Robot, Problemista, Spider-Verse 2, Dune, the list goes on. I hate when people use their reviews to say everyone else is wrong because thats such a lazy way to approach film criticism. Peoples subjective experiences are their own and its okay to possess an unpopular opinion! With that said, I cant help but feel like the cultural barometer for quality is busted right now. Weve been fed so much crap that anything mainstream that is somewhat unique gets hailed like Jesus has risen."                                                                                                                                                                                                                                                                                                                                                                                                                                                                                                                                                                                                                                                                                                                                                                                                                                                                                                                                                                                                                                                                                                                                                                                                                                                                                                                                                                                                                                                                                                                                                                                                                                                                                                                                                                                                                                                                                                                                                                                                                                                                                                                                                                                                                                                                                                                                                                                                 , sinners-2025            , Sinners (2025)                 , Ryan Coogler
26 Apr 2025 ,    0.0, "WOW - absolutely loved this. Terrific performances, some truly jaw-dropping music sequences (that first one at the juke joint is an all-timer), and the vampires are just a metaphorical wrapper for a story about racial and cultural identity, appropriation, and legacy. I thought the film was very, very good as the credits started to roll, but the mid-credit sequence elevated it to absolute greatness for me, and fully completed the emotional arc of the whole movie. Felt really bad for the people who wandered out too early. Michael B. Jordan is one of the most charismatic and impactful movie stars working today, Ryan Cooglers direction is superb, and Miles Caton, Wunmi Mosaku, Delroy Lindo, Jack OConnell, and Hailey Steinfeld are all exceptional. Highly recommended. "                                                                                                                                                                                                                                                                                                                                                                                                                                                                                                                                                                                                                                                                                                                                                                                                                                                                                                                                                                                                                                                                                                                                                                                                                                                                                                                                                                                                                                                                                                                                                                                                                                                                                                                                                                                                                                                                                                                                                                                                                                                                                                                                                                                                                                                                      , sinners-2025            , Sinners (2025)                 , Ryan Coogler
18 Apr 2025 ,    1.0, May contain spoilers.                                                                                                                                                                                                                                                                                                                                                                                                                                                                                                                                                                                                                                                                                                                                                                                                                                                                                                                                                                                                                                                                                                                                                                                                                                                                                                                                                                                                                                                                                                                                                                                                                                                                                                                                                                                                                                                                                                                                                                                                                                                                                                                                                                                                                                                                                                                                                                                                                                                                                                                                                                                                                                                                                                                                                                                                                                                                                                                                                                                                                                                        , sinners-2025            , Sinners (2025)                 , Ryan Coogler
04 Apr 2025 ,    4.0, "Music is liberating. Music is the bridge between generations and ancestry. Vampires, blues, Michael B. Jordan, Hailee Steinfeld my god Coogler youve done it again. Once it gets going, its a force of nature that is tense, hilarious and powerful. Theres a specific scene with Sammy singing blues that I wont spoil  however, I will tell you its one of the best scenes Ive ever seen in a film ever. It displays the power of art so beautifully I damn near cried. The score is this lovely blend of different sounds from different generations and man it rocks. No surprise though, it was composed by THE Ludwig Göransson  THIS GUY CANT MISS! Its one that will benefit from multiple watches and I think will only get better on rewatch. Hyped to say I really enjoyed this  I saw Hailee in person so I win."                                                                                                                                                                                                                                                                                                                                                                                                                                                                                                                                                                                                                                                                                                                                                                                                                                                                                                                                                                                                                                                                                                                                                                                                                                                                                                                                                                                                                                                                                                                                                                                                                                                                                                                                                                                                                                                                                                                                                                                                                                                                                                                                                                                                                                               , sinners-2025            , Sinners (2025)                 , Ryan Coogler
10 Apr 2025 ,    4.0, "A bloody, muscular, barrelhouse of a vampire movie that throbs like the neck of a blues guitar on fire, Ryan Cooglers Sinners might be the first story the Creed director has ripped straight from his own guts, but it thrillingly continues his post-Fruitvale tradition of filtering real and imagined Black histories through the prism of blockbuster entertainment, and of doing so in a way that recognizes genre as a living connection between the past and the future, as opposed to seeing it as a necessary evil of funding his art in the present."                                                                                                                                                                                                                                                                                                                                                                                                                                                                                                                                                                                                                                                                                                                                                                                                                                                                                                                                                                                                                                                                                                                                                                                                                                                                                                                                                                                                                                                                                                                                                                                                                                                                                                                                                                                                                                                                                                                                                                                                                                                                                                                                                                                                                                                                                                                                                                                                                                                                                                            , sinners-2025            , Sinners (2025)                 , Ryan Coogler
07 May 2025 ,    4.0, To the extent that I have a basic read on this film  on what it is trying to say  it is as follows                                                                                                                                                                                                                                                                                                                                                                                                                                                                                                                                                                                                                                                                                                                                                                                                                                                                                                                                                                                                                                                                                                                                                                                                                                                                                                                                                                                                                                                                                                                                                                                                                                                                                                                                                                                                                                                                                                                                                                                                                                                                                                                                                                                                                                                                                                                                                                                                                                                                                                                                                                                                                                                                                                                                                                                                                                                                                                                                                                           , sinners-2025            , Sinners (2025)                 , Ryan Coogler
28 Mar 2025 ,    3.0, "wasnt really feeling this, which is annoying to me and me alone because I was primed to enjoy and just felt like it was too all over the place, laden with backstory and uninterested in being the type of genre exercise it purports to be. theres a Marvelification that sets in in the back half down to the type of swooping Avengers shot where we see all our heroes before they go into battle that left a sour taste. just a messy movie  but not an uninteresting one, and the rare flick where a post-credits scene actually won me back a little. Miles Caton, though  what a great debut! and love Ruth E. Carters costume design, always, the tailoring on the Michael Bs  Hailees champagne colored dress is sooo good and glam"                                                                                                                                                                                                                                                                                                                                                                                                                                                                                                                                                                                                                                                                                                                                                                                                                                                                                                                                                                                                                                                                                                                                                                                                                                                                                                                                                                                                                                                                                                                                                                                                                                                                                                                                                                                                                                                                                                                                                                                                                                                                                                                                                                                                                                                                                                                              , sinners-2025            , Sinners (2025)                 , Ryan Coogler
24 Dec 2025 ,    5.0, "Tricks you into thinking itll be a normal sports movie for 30 minutes before evolving into the most batshit, nightmarish, Safdie-esque Safdie comedy of errors to date. The third act of this might be the most exhilarated Ive been by a movie all decade."                                                                                                                                                                                                                                                                                                                                                                                                                                                                                                                                                                                                                                                                                                                                                                                                                                                                                                                                                                                                                                                                                                                                                                                                                                                                                                                                                                                                                                                                                                                                                                                                                                                                                                                                                                                                                                                                                                                                                                                                                                                                                                                                                                                                                                                                                                                                                                                                                                                                                                                                                                                                                                                                                                                                                                                                                , marty-supreme           , Marty Supreme (2025)           , Josh Safdie
15 Oct 2025 ,    5.0, "NO FUCKING NOTES. I arrived knowing this would be great but i left completely and utterly dazzled. Josh got the juice but he obviously fucking knows coz theres no way you pull this off without knowing youre THE fucking shit. Heartfelt, explosive, raw and sweaty with pace and desperation and humor in abundance, from the sperm credits at the beginning to the tears at the end. I felt it all. Timothée was inspired performance of a lifetime type vibes but obviously if hes already hit this level then theres undoubtedly so much more in the tank. Odessa is a rocket, i could watch her all day. Plus Abel! Fran! Gwenyth! Isaac (i squealed when he arrived)! Hailey! Tyler! Dan Lopatin on score! Even the fucking dog was good. I mean, this film is like the gift that keeps on giving and it left me thinking what is life without internal struggle and dream? Passionate to its core. Sometimes you gotta just say fuck it and go for the jugular. Cant wait to watch all over again and probably 5 times more."                                                                                                                                                                                                                                                                                                                                                                                                                                                                                                                                                                                                                                                                                                                                                                                                                                                                                                                                                                                                                                                                                                                                                                                                                                                                                                                                                                                                                                                                                                                                                                                                                                                                                                                                                                                                                                                                                                                                                                                                                                      , marty-supreme           , Marty Supreme (2025)           , Josh Safdie
27 Dec 2025 ,    5.0, the final movie of christmas parent-a-palooza. they did not like it.                                                                                                                                                                                                                                                                                                                                                                                                                                                                                                                                                                                                                                                                                                                                                                                                                                                                                                                                                                                                                                                                                                                                                                                                                                                                                                                                                                                                                                                                                                                                                                                                                                                                                                                                                                                                                                                                                                                                                                                                                                                                                                                                                                                                                                                                                                                                                                                                                                                                                                                                                                                                                                                                                                                                                                                                                                                                                                                                                                                                         , marty-supreme           , Marty Supreme (2025)           , Josh Safdie
19 Dec 2025 ,    4.5, there are no fewer than 50 genius choices in this film. here are 10 of them                                                                                                                                                                                                                                                                                                                                                                                                                                                                                                                                                                                                                                                                                                                                                                                                                                                                                                                                                                                                                                                                                                                                                                                                                                                                                                                                                                                                                                                                                                                                                                                                                                                                                                                                                                                                                                                                                                                                                                                                                                                                                                                                                                                                                                                                                                                                                                                                                                                                                                                                                                                                                                                                                                                                                                                                                                                                                                                                                                                                  , marty-supreme           , Marty Supreme (2025)           , Josh Safdie
25 Dec 2025 ,    5.0, "Hard to find words to describe how powerful, beautiful, and infuriating this movie is. An ode to the nightmare-fuel of American dreams, a complete deconstruction of hustle-grindset culture of 2025 told through 1952 and refracted through the 80s. Total thrill-ride that somehow got me crying in the final scene. Go see it. And its very funny."                                                                                                                                                                                                                                                                                                                                                                                                                                                                                                                                                                                                                                                                                                                                                                                                                                                                                                                                                                                                                                                                                                                                                                                                                                                                                                                                                                                                                                                                                                                                                                                                                                                                                                                                                                                                                                                                                                                                                                                                                                                                                                                                                                                                                                                                                                                                                                                                                                                                                                                                                                                                                                                                                                                      , marty-supreme           , Marty Supreme (2025)           , Josh Safdie
16 Dec 2025 ,    3.0, "Much to ponder. Timothée is committed as hell, his energy never ending and all consuming. An intriguing counterpoint to Gwyneth Paltrows chilly haughtiness. Shame the rest of the movie. Im mixed on the performances of the cast overall and especially the characterization as imagined by its co-writerdirector. Adrenalized yet strangely boring for long stretches perhaps because every character is a means to shore up Martys extravagant ego or create an obstacle that tests the selfish lengths he is willing to go to. Timothée is asked to hit very few emotional beats and he does so with aplomb. Theres not much to this character. I dont care how dedicated he is as an actor, I didnt buy the emotional notes of that ending. At all. For such a long and boisterous film, theres something thin about it. A bit too pleased with itself?? Which feels galling considering how the film picks up ideas about white American male braggadocio and hunger and slick machinations of a man selling himself but glides on the surface of such things. So much sweat, for such minuscule results. I was thinking of writing about this (and got a pitch picked up at work admittedly edit which ended up not moving forward so this Letterboxd review-musings is all I am writing on the subject) but I am going to need to rewatch because so much of this didnt leave an imprint in my mind."                                                                                                                                                                                                                                                                                                                                                                                                                                                                                                                                                                                                                                                                                                                                                                                                                                                                                                                                                                                                                                                                                                                                                                                                                                                                                                                                                                                                                                                                                                                                                                                                                                                              , marty-supreme           , Marty Supreme (2025)           , Josh Safdie
01 Dec 2025 ,    5.0, "Like many great actors and virtually all legitimate movie stars, Timothée Chalamet is a salesman at heart. But where most of them prefer to keep that like something of an open secret, the razor-cheeked Lisan al-Gaib  whos become a brand unto himself, despite showing up at a time when Hollywood remains far more invested in franchises than faces  has embraced his entrepreneurial zeal with the same winning commitment that he brings to literally everything else he does. "                                                                                                                                                                                                                                                                                                                                                                                                                                                                                                                                                                                                                                                                                                                                                                                                                                                                                                                                                                                                                                                                                                                                                                                                                                                                                                                                                                                                                                                                                                                                                                                                                                                                                                                                                                                                                                                                                                                                                                                                                                                                                                                                                                                                                                                                                                                                                                                                                                                                                                                                                                                    , marty-supreme           , Marty Supreme (2025)           , Josh Safdie
02 Jan 2026 ,    4.0, "This is not a redemption story! It is not a story of growth! It is, like the other films in the Safdie oeuvre, the story of a man who cant grow! A man whose narcissism and pathological insecurity render him unable to be vulnerable with anyone! A man whose only real drive in life is to get over on others  to take without apology. A man so profoundly self-absorbed that he cant even begin to see the lives he ruins with each careless action and impulsive decision. And to be clear, he ruins every life that he touches."                                                                                                                                                                                                                                                                                                                                                                                                                                                                                                                                                                                                                                                                                                                                                                                                                                                                                                                                                                                                                                                                                                                                                                                                                                                                                                                                                                                                                                                                                                                                                                                                                                                                                                                                                                                                                                                                                                                                                                                                                                                                                                                                                                                                                                                                                                                                                                                                                                                                                                                                     , marty-supreme           , Marty Supreme (2025)           , Josh Safdie
20 Dec 2025 ,    2.0, Nothing about Marty Supreme sits right with me.                                                                                                                                                                                                                                                                                                                                                                                                                                                                                                                                                                                                                                                                                                                                                                                                                                                                                                                                                                                                                                                                                                                                                                                                                                                                                                                                                                                                                                                                                                                                                                                                                                                                                                                                                                                                                                                                                                                                                                                                                                                                                                                                                                                                                                                                                                                                                                                                                                                                                                                                                                                                                                                                                                                                                                                                                                                                                                                                                                                                                              , marty-supreme           , Marty Supreme (2025)           , Josh Safdie
25 Dec 2025 ,    5.0, "Yall know Timothee is my brother. Ive watched him deliver some of the best performances these past few years, but this???  My homie reached a new level.  Truly epic film.  Josh Safdie is a master.  Timmy is a master.  Whole cast delivered.  Go see this movie asap u wont regret it.  The hype is real.  Def watchin again.   Tap in yall!!"                                                                                                                                                                                                                                                                                                                                                                                                                                                                                                                                                                                                                                                                                                                                                                                                                                                                                                                                                                                                                                                                                                                                                                                                                                                                                                                                                                                                                                                                                                                                                                                                                                                                                                                                                                                                                                                                                                                                                                                                                                                                                                                                                                                                                                                                                                                                                                                                                                                                                                                                                                                                                                                                                                                           , marty-supreme           , Marty Supreme (2025)           , Josh Safdie
25 Dec 2025 ,    3.0, 60                                                                                                                                                                                                                                                                                                                                                                                                                                                                                                                                                                                                                                                                                                                                                                                                                                                                                                                                                                                                                                                                                                                                                                                                                                                                                                                                                                                                                                                                                                                                                                                                                                                                                                                                                                                                                                                                                                                                                                                                                                                                                                                                                                                                                                                                                                                                                                                                                                                                                                                                                                                                                                                                                                                                                                                                                                                                                                                                                                                                                                                                           , marty-supreme           , Marty Supreme (2025)           , Josh Safdie
20 May 2025 ,    4.0, "The first time that dissident Iranian filmmaker Jafar Panahi was imprisoned for his supposed crimes against the regime, he spent most of his time in solitary confinement, blindfolded whenever he was taken out to be interrogated. Deprived of the use of his eyes, Panahi focused all of his attention on his ears  he would obsessively listen for auditory clues around him, and fantasize about his captors identity based on the sound of his voice."                                                                                                                                                                                                                                                                                                                                                                                                                                                                                                                                                                                                                                                                                                                                                                                                                                                                                                                                                                                                                                                                                                                                                                                                                                                                                                                                                                                                                                                                                                                                                                                                                                                                                                                                                                                                                                                                                                                                                                                                                                                                                                                                                                                                                                                                                                                                                                                                                                                                                                                                                                                                                , it-was-just-an-accident , It Was Just an Accident (2025) , Jafar Panahi
05 Sep 2025 ,    4.5, "Like many Panahi films, deceptively light, often comedic, but with real anger lurking simmering that releases slowly and organically. Should we direct our rage at systems or individuals? What catharsis do we find in revenge? The maturity and empathy he brings to them is remarkable, especially given how personal they are to him.
                      The ensemble cast is fantastic, and that ending took my breath away. Its a banger, folks."                                                                                                                                                                                                                                                                                                                                                                                                                                                                                                                                                                                                                                                                                                                                                                                                                                                                                                                                                                                                                                                                                                                                                                                                                                                                                                                                                                                                                                                                                                                                                                                                                                                                                                                                                                                                                                                                                                                                                                                                                                                                                                                                                                                                                                                                                                                                                                                                                                                                                                                                                                                                                                                                                                                                                                                                                                                                                                                                                                                   , it-was-just-an-accident , It Was Just an Accident (2025) , Jafar Panahi
21 Oct 2025 ,    4.5, "A moral paradox couched in a story that is equal parts hilarious and disturbing. So much to dissect here, I wish I had a pack of cigarettes and a few friends to discuss it with. Is the film arguing against mercy, or pointing out the inevitability of it, naming it as the defining difference between them and us?
                      One thing is for sure to them, whether by fanatical justification or base cruelty, the working class is nothing but roadkill."                                                                                                                                                                                                                                                                                                                                                                                                                                                                                                                                                                                                                                                                                                                                                                                                                                                                                                                                                                                                                                                                                                                                                                                                                                                                                                                                                                                                                                                                                                                                                                                                                                                                                                                                                                                                                                                                                                                                                                                                                                                                                                                                                                                                                                                                                                                                                                                                                                                                                                                                                                                                                                                                                                                                                                                                                                                                                                                                               , it-was-just-an-accident , It Was Just an Accident (2025) , Jafar Panahi
09 Sep 2025 ,    4.5, "Peels back its layers of dark humor to reveal something so angry and anguished. I found the way this depicts unification through trauma almost as fascinating as how it depicts trauma responses varying so much that it leaves groups splintering. Corrupt regimes pushing people past their breaking points in such a way that leaves an overwhelmingly heavy sense of grief and horror in your gut. Those final 20 minutes are some of the best of the year, easily."                                                                                                                                                                                                                                                                                                                                                                                                                                                                                                                                                                                                                                                                                                                                                                                                                                                                                                                                                                                                                                                                                                                                                                                                                                                                                                                                                                                                                                                                                                                                                                                                                                                                                                                                                                                                                                                                                                                                                                                                                                                                                                                                                                                                                                                                                                                                                                                                                                                                                                                                                                                                    , it-was-just-an-accident , It Was Just an Accident (2025) , Jafar Panahi
30 Dec 2025 ,    4.5, "Panahi could have easily made something more loud, more sensational, but theres so much directorial restraint that it even bleeds into his characters decisions. With every second that ticks by, theres a frustration that grows more tangible. They want to scream, but have no mouth. Absurdly comical at times, but the last half hour is nothing short of haunting."                                                                                                                                                                                                                                                                                                                                                                                                                                                                                                                                                                                                                                                                                                                                                                                                                                                                                                                                                                                                                                                                                                                                                                                                                                                                                                                                                                                                                                                                                                                                                                                                                                                                                                                                                                                                                                                                                                                                                                                                                                                                                                                                                                                                                                                                                                                                                                                                                                                                                                                                                                                                                                                                                                   , it-was-just-an-accident , It Was Just an Accident (2025) , Jafar Panahi
09 Nov 2025 ,    4.0, "It was just an accident. What will be will be. God surely put it on our path for a reason.
                      Between this and Bugonia, its already been quite a fall for fans of movies about deeply troubled men who kidnap someone they believe bears responsibility for a heinous injustice committed against them and society as a whole, while their abductee repeatedly insists they are innocent of their accusations. One more and weve got a full-blown trend!"                                                                                                                                                                                                                                                                                                                                                                                                                                                                                                                                                                                                                                                                                                                                                                                                                                                                                                                                                                                                                                                                                                                                                                                                                                                                                                                                                                                                                                                                                                                                                                                                                                                                                                                                                                                                                                                                                                                                                                                                                                                                                                                                                                                                                                                                                                                                                                                                                                                                                                                                                                                                                                                                                                                  , it-was-just-an-accident , It Was Just an Accident (2025) , Jafar Panahi
23 Jan 2026 ,    5.0, "Second go just locked in how brilliant this is. Funny, angry, nuanced all at the same time. Panahis unflinching commitment to humanizing every character is a big part of what makes this so powerful, and the filmmaking feels like a culmination of years of developing a very specific style that allowed him to do this. Those long, lingering takes are incredible."                                                                                                                                                                                                                                                                                                                                                                                                                                                                                                                                                                                                                                                                                                                                                                                                                                                                                                                                                                                                                                                                                                                                                                                                                                                                                                                                                                                                                                                                                                                                                                                                                                                                                                                                                                                                                                                                                                                                                                                                                                                                                                                                                                                                                                                                                                                                                                                                                                                                                                                                                                                                                                                                                                   , it-was-just-an-accident , It Was Just an Accident (2025) , Jafar Panahi
04 Sep 2025 ,    4.0, "One of the things that Ive found so moving and inspirational about Panahi is that despite making formally astonishing reality-fiction blending protest art, and being famous for constantly finding himself under house arrest or imprisoned or banned in his home country and persisting as a filmmaker anyway, is how warm and funny his movies are capable of being without sacrificing his clear-eyed and righteously furious political convictions. "                                                                                                                                                                                                                                                                                                                                                                                                                                                                                                                                                                                                                                                                                                                                                                                                                                                                                                                                                                                                                                                                                                                                                                                                                                                                                                                                                                                                                                                                                                                                                                                                                                                                                                                                                                                                                                                                                                                                                                                                                                                                                                                                                                                                                                                                                                                                                                                                                                                                                                                                                                                                                  , it-was-just-an-accident , It Was Just an Accident (2025) , Jafar Panahi
30 Nov 2025 ,    0.0, From The New Republic newrepublic.comarticle201114jafar-panahi-just-accident-revenge-road-trip-masterpiece                                                                                                                                                                                                                                                                                                                                                                                                                                                                                                                                                                                                                                                                                                                                                                                                                                                                                                                                                                                                                                                                                                                                                                                                                                                                                                                                                                                                                                                                                                                                                                                                                                                                                                                                                                                                                                                                                                                                                                                                                                                                                                                                                                                                                                                                                                                                                                                                                                                                                                                                                                                                                                                                                                                                                                                                                                                                                                                                                                   , it-was-just-an-accident , It Was Just an Accident (2025) , Jafar Panahi
20 May 2025 ,    4.5, "Jafar Panahis IT WAS JUST AN ACCIDENT serves as an unrestricted outlet for his rage against the Iranian government, as a vengeful kidnapping grows increasingly fraught. Shot primarily in wides with long takes, the tension is palpable as a terrific ensemble of actors wrestles with their complicity in the act while attempting to evade capture. Its a taut premise that gradually builds in complexity, anxiety, desperation and even manages to inject some bits of dark comedy, over the course of a single day, while maintaining its justifiable anger throughout.
                      My full review on Next Best Picture here"                                                                                                                                                                                                                                                                                                                                                                                                                                                                                                                                                                                                                                                                                                                                                                                                                                                                                                                                                                                                                                                                                                                                                                                                                                                                                                                                                                                                                                                                                                                                                                                                                                                                                                                                                                                                                                                                                                                                                                                                                                                                                                                                                                                                                                                                                                                                                                                                                                                                                                                                                                                                                                                                                                                                                                                                                                                                                                                                                                                                                                    , it-was-just-an-accident , It Was Just an Accident (2025) , Jafar Panahi
01 Oct 2025 ,    0.0, "The morality play is entertaining enough on its own but the little human moments that continuously find their way in are some of my favorite bits of the year. Whether the result of happy accidents or scripted, they breathe life into an already gripping thriller. Panahi is as fearless as ever, all of that is well documented and true, of course, but man, his instincts on just, like, what to keep in, where to draw your eyefew better. Mariam Afshari is truly, truly remarkable. A pitch perfect clenched and calm performance that uncorks at the exact right time.
                      Excellent stuff."                                                                                                                                                                                                                                                                                                                                                                                                                                                                                                                                                                                                                                                                                                                                                                                                                                                                                                                                                                                                                                                                                                                                                                                                                                                                                                                                                                                                                                                                                                                                                                                                                                                                                                                                                                                                                                                                                                                                                                                                                                                                                                                                                                                                                                                                                                                                                                                                                                                                                                                                                                                                                                                                                                                                                                                                                                                                                                                                                                                                                                                            , it-was-just-an-accident , It Was Just an Accident (2025) , Jafar Panahi
21 May 2025 ,    4.5, Its hard to love someone without mercy.                                                                                                                                                                                                                                                                                                                                                                                                                                                                                                                                                                                                                                                                                                                                                                                                                                                                                                                                                                                                                                                                                                                                                                                                                                                                                                                                                                                                                                                                                                                                                                                                                                                                                                                                                                                                                                                                                                                                                                                                                                                                                                                                                                                                                                                                                                                                                                                                                                                                                                                                                                                                                                                                                                                                                                                                                                                                                                                                                                                                                                      , sentimental-value-2025  , Sentimental Value (2025)       , Joachim Trier
13 Dec 2025 ,    4.5, "People keep talking about Skarsgård and Reinsves performances in this, and they are undeniable great, but I honestly think Inga Lilleaas is stealing the show. She just walks into a scene and can see straight into the characters soul. Its one of the most magnetic performances of the year."                                                                                                                                                                                                                                                                                                                                                                                                                                                                                                                                                                                                                                                                                                                                                                                                                                                                                                                                                                                                                                                                                                                                                                                                                                                                                                                                                                                                                                                                                                                                                                                                                                                                                                                                                                                                                                                                                                                                                                                                                                                                                                                                                                                                                                                                                                                                                                                                                                                                                                                                                                                                                                                                                                                                                                           , sentimental-value-2025  , Sentimental Value (2025)       , Joachim Trier
26 Nov 2025 ,    5.0, "this year marked a decade since my parents got divorced, putting an end to a marriage that had already been dead for a decade itself after beginning a decade prior. and yet today, they, my sister, and i will all celebrate thanksgiving together in the house we grew up in, and the one they had built from the ground up just two years before things took that first terrible turn - an event that once seemed unfathomable to me under the weight of all that came before. much like the memories our house holds, my emotions today are mixed, but mostly warm, as the pain of the past has finally given way to steady and quiet contentment only occasionally interrupted by reflective melancholy. today, however, sentimental value has sparked one of those interruptions."                                                                                                                                                                                                                                                                                                                                                                                                                                                                                                                                                                                                                                                                                                                                                                                                                                                                                                                                                                                                                                                                                                                                                                                                                                                                                                                                                                                                                                                                                                                                                                                                                                                                                                                                                                                                                                                                                                                                                                                                                                                                                                                                                                                                                                                                                    , sentimental-value-2025  , Sentimental Value (2025)       , Joachim Trier
14 Oct 2025 ,    5.0, "reached straight down and tore my fucking heart out. sublime. Couldnt breathe for about 30 minutes I swear. loved the utilisation of the house  revisiting a location so vital to each of their identities, with the memories still bleeding through. made me think a lot about my own unique relationships, particularly ones in the past of a distant nature even though a potentially strained reunion is unavoidable, the bond will always have a place - and in this films case, the prospect for reconciliation via art alone. extremely cathartic. the cuts to black after each moment were chefs fucking kiss. The years funniest, best  saddest work - reduced me to tears in every sense. every performance is the best one. masterpiece."                                                                                                                                                                                                                                                                                                                                                                                                                                                                                                                                                                                                                                                                                                                                                                                                                                                                                                                                                                                                                                                                                                                                                                                                                                                                                                                                                                                                                                                                                                                                                                                                                                                                                                                                                                                                                                                                                                                                                                                                                                                                                                                                                                                                                                                                                                                        , sentimental-value-2025  , Sentimental Value (2025)       , Joachim Trier
22 May 2025 ,    5.0, "its like her sadness is such an overwhelming part of her. its a beautiful thing, but i cant tell if thats just the cause of everything, or is it a symptom of something deeper
                      theres just so much emotional honesty here that makes this all the more shattering. joachim trier  renate reinsve are a match made in heaven"                                                                                                                                                                                                                                                                                                                                                                                                                                                                                                                                                                                                                                                                                                                                                                                                                                                                                                                                                                                                                                                                                                                                                                                                                                                                                                                                                                                                                                                                                                                                                                                                                                                                                                                                                                                                                                                                                                                                                                                                                                                                                                                                                                                                                                                                                                                                                                                                                                                                                                                                                                                                                                                                                                                                                                                                                                                                                                                                , sentimental-value-2025  , Sentimental Value (2025)       , Joachim Trier
14 Oct 2025 ,    3.0, "one of those films where it begins with a question, ends with an answer, and spends a lot of time in between spinning its wheels. a moment of grand emotional catharsis near the end just left me thinking why did it take so long to get to a moment of such dramatic salience? well-mounted production, great performances and all that (and the birthday gift of Irreversible and The Piano Teacher DVDs is very funny) but its too detached a film to really move me and too drawn out to provoke much intrigue. like ikea furniture, nice-looking but cheap, programmatic, easy to assemble."                                                                                                                                                                                                                                                                                                                                                                                                                                                                                                                                                                                                                                                                                                                                                                                                                                                                                                                                                                                                                                                                                                                                                                                                                                                                                                                                                                                                                                                                                                                                                                                                                                                                                                                                                                                                                                                                                                                                                                                                                                                                                                                                                                                                                                                                                                                                                                                                                                                                          , sentimental-value-2025  , Sentimental Value (2025)       , Joachim Trier
12 Nov 2025 ,    4.5, "Youre sitting there wondering. Going through small moments, seeing all these tiny pieces. Raw emotion and almost just slice of life. Pain that echoes through the generations and history quite literally carved into the surroundings. Attempting to see deep through each other trying to understand what makes their daily push tick, but whats best said is understood on a deeper intangible effort. You cant grasp it, you cant even utter its truth. But its there. At least to each other. As it chips away you just feel torn, wondering where is it leading, whats gonna be the big hit? And when it hits"                                                                                                                                                                                                                                                                                                                                                                                                                                                                                                                                                                                                                                                                                                                                                                                                                                                                                                                                                                                                                                                                                                                                                                                                                                                                                                                                                                                                                                                                                                                                                                                                                                                                                                                                                                                                                                                                                                                                                                                                                                                                                                                                                                                                                                                                                                                                                                                                                                                        , sentimental-value-2025  , Sentimental Value (2025)       , Joachim Trier
22 May 2025 ,    5.0, "At the Cannes press conference for Sentimental Value, director Joachim Trier declared that tenderness is the new punk. The Norwegian filmmaker framed this in opposition to the division that is omnipresent in the world, but theres truth to the statement in another sense. That theres something radical in listening and embracing the other. Theres something powerful, too, in learning to look outwardto consider that offering a hand can be also personally transformative. Maybe this all sounds a little be kind nicecore, but Trier grounds the miraculous Sentimental Value in such emotional complexity that not a single moment of tenderness rings false.
                      Full review a-rabbitsfoot.comeditorialfilmcannes-2025sentimental-value-joachim-trier-review"                                                                                                                                                                                                                                                                                                                                                                                                                                                                                                                                                                                                                                                                                                                                                                                                                                                                                                                                                                                                                                                                                                                                                                                                                                                                                                                                                                                                                                                                                                                                                                                                                                                                                                                                                                                                                                                                                                                                                                                                                                                                                                                                                                                                                                                                                                                                                                                                                                                                                                                                                                                                                                                                                                                                                                                                                                                                                                                                                                                 , sentimental-value-2025  , Sentimental Value (2025)       , Joachim Trier
27 Aug 2025 ,    4.0, "A movie that will have you leaving the theatre feeling grateful for the people surrounding you, or on the contrary, have you asking yourself thousands of questions about why you keep giving people other chances. I somehow felt both. Maybe I should call my parents."                                                                                                                                                                                                                                                                                                                                                                                                                                                                                                                                                                                                                                                                                                                                                                                                                                                                                                                                                                                                                                                                                                                                                                                                                                                                                                                                                                                                                                                                                                                                                                                                                                                                                                                                                                                                                                                                                                                                                                                                                                                                                                                                                                                                                                                                                                                                                                                                                                                                                                                                                                                                                                                                                                                                                                                                   , sentimental-value-2025  , Sentimental Value (2025)       , Joachim Trier
15 Nov 2025 ,    4.0, A few stray thoughts.                                                                                                                                                                                                                                                                                                                                                                                                                                                                                                                                                                                                                                                                                                                                                                                                                                                                                                                                                                                                                                                                                                                                                                                                                                                                                                                                                                                                                                                                                                                                                                                                                                                                                                                                                                                                                                                                                                                                                                                                                                                                                                                                                                                                                                                                                                                                                                                                                                                                                                                                                                                                                                                                                                                                                                                                                                                                                                                                                                                                                                                        , sentimental-value-2025  , Sentimental Value (2025)       , Joachim Trier
24 Nov 2025 ,    0.0, "SENTIMENTAL VALUE. A high point of 2025. A must see. Cannes got it right by giving Joachim Triers film the Palm DOr. Stellen Skarsgard gives the best performance of his career. You recognize the films frontal emotional assalt, but its the oblique ones which make Sentimental Value great."                                                                                                                                                                                                                                                                                                                                                                                                                                                                                                                                                                                                                                                                                                                                                                                                                                                                                                                                                                                                                                                                                                                                                                                                                                                                                                                                                                                                                                                                                                                                                                                                                                                                                                                                                                                                                                                                                                                                                                                                                                                                                                                                                                                                                                                                                                                                                                                                                                                                                                                                                                                                                                                                                                                                                                            , sentimental-value-2025  , Sentimental Value (2025)       , Joachim Trier
20 Oct 2025 ,    4.5, I left this film scratching my head at Cannes. But on my second watch this really came alive and its one of the most culturally and historically rich films of the year.                                                                                                                                                                                                                                                                                                                                                                                                                                                                                                                                                                                                                                                                                                                                                                                                                                                                                                                                                                                                                                                                                                                                                                                                                                                                                                                                                                                                                                                                                                                                                                                                                                                                                                                                                                                                                                                                                                                                                                                                                                                                                                                                                                                                                                                                                                                                                                                                                                                                                                                                                                                                                                                                                                                                                                                                                                                                                                     , the-secret-agent-2025   , The Secret Agent (2025)        , Kleber Mendonça Filho
23 Jan 2026 ,    4.0, O filho em busca da memória da mãe acaba esquecido pelo próprio filho.                                                                                                                                                                                                                                                                                                                                                                                                                                                                                                                                                                                                                                                                                                                                                                                                                                                                                                                                                                                                                                                                                                                                                                                                                                                                                                                                                                                                                                                                                                                                                                                                                                                                                                                                                                                                                                                                                                                                                                                                                                                                                                                                                                                                                                                                                                                                                                                                                                                                                                                                                                                                                                                                                                                                                                                                                                                                                                                                                                                                       , the-secret-agent-2025   , The Secret Agent (2025)        , Kleber Mendonça Filho
09 Dec 2025 ,    4.0, The film can be a chore at timesthe structure of the screenplay thwarts any attempt to grasp a rhythm to the narrative. Its like listening to a song that continuously changes the time signature as soon as you start to tap your foot.                                                                                                                                                                                                                                                                                                                                                                                                                                                                                                                                                                                                                                                                                                                                                                                                                                                                                                                                                                                                                                                                                                                                                                                                                                                                                                                                                                                                                                                                                                                                                                                                                                                                                                                                                                                                                                                                                                                                                                                                                                                                                                                                                                                                                                                                                                                                                                                                                                                                                                                                                                                                                                                                                                                                                                                                                                     , the-secret-agent-2025   , The Secret Agent (2025)        , Kleber Mendonça Filho
18 May 2025 ,    4.0, "In his 2023 essay film Pictures of Ghosts, a haunted cine-memoir that uses Recifes once-glorious movie palaces as a lens through which to examine  and to mourn  the cultural amnesia of a country so determined to forget itself, Brazilian auteur Kleber Mendonça Filho somewhat counterintuitively observes that Fiction films are the best documentaries. If Mendonça had to make a documentary in order to illustrate that idea, the sober but gripping thriller that it inspired him to shoot next proves the point with gusto. "                                                                                                                                                                                                                                                                                                                                                                                                                                                                                                                                                                                                                                                                                                                                                                                                                                                                                                                                                                                                                                                                                                                                                                                                                                                                                                                                                                                                                                                                                                                                                                                                                                                                                                                                                                                                                                                                                                                                                                                                                                                                                                                                                                                                                                                                                                                                                                                                                                                                                                                                     , the-secret-agent-2025   , The Secret Agent (2025)        , Kleber Mendonça Filho
11 Jan 2026 ,    0.0, "Was very excited for this as someone who loved Bacurau and how it felt like the inexplicable halfway point between a paranoid thriller and a cartoon. Impressed that Mendonça Filho was able to keep that tone alive in something much more somber and decidedly not explosive. Unbelievable supporting cast! Love Dona Sebastiana and Mr. Alexandre so much. Fatimas screen time to impact ratio is unreal, and the way Alexandre reacts to hearing what she said about him almost made me cry. Really special ending that caught me off guard in a wonderful way. Its gonna stick with me. I dont have a lot of context for Brazils political unrest of the 70s but this paired with Im Still Here makes for an incredible double feature about the specter of political violence and the victims it leaves behind."                                                                                                                                                                                                                                                                                                                                                                                                                                                                                                                                                                                                                                                                                                                                                                                                                                                                                                                                                                                                                                                                                                                                                                                                                                                                                                                                                                                                                                                                                                                                                                                                                                                                                                                                                                                                                                                                                                                                                                                                                                                                                                                                                                                                                                                      , the-secret-agent-2025   , The Secret Agent (2025)        , Kleber Mendonça Filho
01 Mar 2026 ,    5.0, "havent been this bowled over by a movie in quite some time, to the point where i immediately took to the internet afterwards to learn more about the time period in which it takes place to remain immersed in this world and all the lessons we have yet to learn from it before even attempting to formulate my thoughts. despite how thematically and structurally dense the film is at nearly three hours, i couldve watched three more without hesitation. mendonças staggeringly layered script unfurls like a classic novel, with countless colorful characters who make an indelible impression as soon as theyre introduced and seemingly disparate storylines that eventually intersect effortlessly as the full picture of the film comes into focus and youre bludgeoned with its final emotional blow. equally as impressive and involving is his deliciously vibrant direction, which manages to never waver from highlighting the beauty of brazil at the same time it starkly captures the chaos and horror of the countrys history."                                                                                                                                                                                                                                                                                                                                                                                                                                                                                                                                                                                                                                                                                                                                                                                                                                                                                                                                                                                                                                                                                                                                                                                                                                                                                                                                                                                                                                                                                                                                                                                                                                                                                                                                                                                                                                                                                                                                                                                                                       , the-secret-agent-2025   , The Secret Agent (2025)        , Kleber Mendonça Filho
09 Nov 2025 ,    5.0, "meu preferido de Kleber até alguns minutos atrás era O Som ao Redor. O Agente Secreto, que talvez a partir de hoje ocupe esse posto, parece uma sequência espiritual do longa de 2012, mas que crava de maneira muito firme alguns dos temas que aparecem em praticamente toda a obra de Kleber O cinema como memória, a memória como assombro e a cidade como esse campo de disputas em que o passado se torna um silencioso pesadelo no cotidiano de quem vive nela.
                      Filme grandão, ideias fortes, execução segura, atores incríveis, caracterização certeira e um diretor que sabe o que tá fazendo. Gostei demais."                                                                                                                                                                                                                                                                                                                                                                                                                                                                                                                                                                                                                                                                                                                                                                                                                                                                                                                                                                                                                                                                                                                                                                                                                                                                                                                                                                                                                                                                                                                                                                                                                                                                                                                                                                                                                                                                                                                                                                                                                                                                                                                                                                                                                                                                                                                                                                                                                                                                                                                                                                                                                                                                                                                                                                                                                                                                                                                             , the-secret-agent-2025   , The Secret Agent (2025)        , Kleber Mendonça Filho
14 Nov 2025 ,    4.5, Falei sobre o Agente Secreto no canal. Confira.                                                                                                                                                                                                                                                                                                                                                                                                                                                                                                                                                                                                                                                                                                                                                                                                                                                                                                                                                                                                                                                                                                                                                                                                                                                                                                                                                                                                                                                                                                                                                                                                                                                                                                                                                                                                                                                                                                                                                                                                                                                                                                                                                                                                                                                                                                                                                                                                                                                                                                                                                                                                                                                                                                                                                                                                                                                                                                                                                                                                                              , the-secret-agent-2025   , The Secret Agent (2025)        , Kleber Mendonça Filho
15 Feb 2026 ,    4.5, "My favorite part of this was when the two oafish hitmen take a contract on our main character for 60,000 and then subcontract it out to an even more oafish local for 4,000 with uh... mixed results. "                                                                                                                                                                                                                                                                                                                                                                                                                                                                                                                                                                                                                                                                                                                                                                                                                                                                                                                                                                                                                                                                                                                                                                                                                                                                                                                                                                                                                                                                                                                                                                                                                                                                                                                                                                                                                                                                                                                                                                                                                                                                                                                                                                                                                                                                                                                                                                                                                                                                                                                                                                                                                                                                                                                                                                                                                                                                     , the-secret-agent-2025   , The Secret Agent (2025)        , Kleber Mendonça Filho
18 May 2025 ,    4.5, "THE SECRET AGENT exudes a deep love for Brazil, its people, its history, its customs, but also for cinema itself. Kleber Mendonça Filho is operating in full noir political thriller mode, mixing historical intrigue with character-driven drama through the use of split diopter shots, split screens, editing wipes, a fantastical sequence involving Brazils hairy-leg folklore, and more! Mendonça Filho is clearly having fun, and were just along for the smooth, sun-drenched ride. Its definitely a slow burn though as it moves at an unhurried pace (it doesnt fully kick in until after the first hour), allowing each frame and narrative thread to breathe. At its center is Wagner Moura, who commands the screen with old-school movie star confidence  effortless magnetism. Fascinating from start to finish."                                                                                                                                                                                                                                                                                                                                                                                                                                                                                                                                                                                                                                                                                                                                                                                                                                                                                                                                                                                                                                                                                                                                                                                                                                                                                                                                                                                                                                                                                                                                                                                                                                                                                                                                                                                                                                                                                                                                                                                                                                                                                                                                                                                                                                            , the-secret-agent-2025   , The Secret Agent (2025)        , Kleber Mendonça Filho
24 Oct 2025 ,    3.0, "Começa bem demais (boa parte da primeira parcela eu achei maravilhosa), ele foi me fisgando totalmente pra depois ir caindo muito e me perdendo demais. Muito. Ótimos momentos de atmosfera num filme desconjuntado que causa um certo constrangimento sempre pelo modo que ele é executado, nunca pelo assunto que ele está falando e tratando. Tem mil filmes dentro desse filme, mas ele não consegue ser plenamente e desenvolver nem um filme quase existencial muito atmosférico á lá Profissão Repórter (Professione reporter), Pelos Caminhos do Inferno (Wake in Fright) e A Lira do Delírio no seu estudo de personagem, nem uma emulação de thriller setentista de fuga e ação ou um drama sobre paternidade, memória, preconceito e ditadura. "                                                                                                                                                                                                                                                                                                                                                                                                                                                                                                                                                                                                                                                                                                                                                                                                                                                                                                                                                                                                                                                                                                                                                                                                                                                                                                                                                                                                                                                                                                                                                                                                                                                                                                                                                                                                                                                                                                                                                                                                                                                                                                                                                                                                                                                                                                                 , the-secret-agent-2025   , The Secret Agent (2025)        , Kleber Mendonça Filho
05 Aug 2025 ,    3.0, "To me a really great example of originality and provocation meaning very little if a film doesnt deliver on its presented ideas, its more interesting in structure than content but even the shifting POV doesnt amount to much. Theres a stretch in the middle (the best part imo) between a disgruntled cop and a young troublemaker where Cregger seems to be introducing elements of coincidence, human fallibility, and even how our institutions can fail to protect our kids, but otherwise the whole Magnolia thing is mostly a gimmick to control when information is revealed. There are so many intriguing dynamics in this town that are ultimately dead-ended in service of a crazy third act that people will hoot and holler about, but despite more sophisticated filmmaking after Barbarian this feels even more fractured in its ambitions. Many more thoughts didnt hate it but didnt get much out of it either."                                                                                                                                                                                                                                                                                                                                                                                                                                                                                                                                                                                                                                                                                                                                                                                                                                                                                                                                                                                                                                                                                                                                                                                                                                                                                                                                                                                                                                                                                                                                                                                                                                                                                                                                                                                                                                                                                                                                                                                                                                                                                                                                        , weapons-2025            , Weapons (2025)                 , Zach Cregger
09 Aug 2025 ,    5.0, "me likey dat!!!! cregger is clearly fascinated by the unspoken horror of suburbia and i am so impressed that a movie so clearly set up as a parable for school shootings and the way people respond with anger and panic to things they dont understand, can wrap up in such a deeply funny way. still made me emotional at a few points felt upset at the injustice of everybody calling for justines head, felt heartbroken when alex was having to open the soup cans alone, felt teary when he hugged his parents at the end. entire cast is really good but i came away absolutely loving austin abrams. i think hes such an underrated actor. betting big on him now"                                                                                                                                                                                                                                                                                                                                                                                                                                                                                                                                                                                                                                                                                                                                                                                                                                                                                                                                                                                                                                                                                                                                                                                                                                                                                                                                                                                                                                                                                                                                                                                                                                                                                                                                                                                                                                                                                                                                                                                                                                                                                                                                                                                                                                                                                                                                                                                                 , weapons-2025            , Weapons (2025)                 , Zach Cregger
30 Jul 2025 ,    4.5, "I moderated a QA screening with Zach Cregger for this film so I was sent a screener link the night before to watch it
                      when I started the film I was sitting in a pitch black hotel room. by the 40 minute mark I had turned on a single lamp. and by the end of the film I was sitting in a fully lit room."                                                                                                                                                                                                                                                                                                                                                                                                                                                                                                                                                                                                                                                                                                                                                                                                                                                                                                                                                                                                                                                                                                                                                                                                                                                                                                                                                                                                                                                                                                                                                                                                                                                                                                                                                                                                                                                                                                                                                                                                                                                                                                                                                                                                                                                                                                                                                                                                                                                                                                                                                                                                                                                                                                                                                                                                                                                                                       , weapons-2025            , Weapons (2025)                 , Zach Cregger
07 Aug 2025 ,    2.5, 48                                                                                                                                                                                                                                                                                                                                                                                                                                                                                                                                                                                                                                                                                                                                                                                                                                                                                                                                                                                                                                                                                                                                                                                                                                                                                                                                                                                                                                                                                                                                                                                                                                                                                                                                                                                                                                                                                                                                                                                                                                                                                                                                                                                                                                                                                                                                                                                                                                                                                                                                                                                                                                                                                                                                                                                                                                                                                                                                                                                                                                                                           , weapons-2025            , Weapons (2025)                 , Zach Cregger
07 Aug 2025 ,    1.0, Two nightmares                                                                                                                                                                                                                                                                                                                                                                                                                                                                                                                                                                                                                                                                                                                                                                                                                                                                                                                                                                                                                                                                                                                                                                                                                                                                                                                                                                                                                                                                                                                                                                                                                                                                                                                                                                                                                                                                                                                                                                                                                                                                                                                                                                                                                                                                                                                                                                                                                                                                                                                                                                                                                                                                                                                                                                                                                                                                                                                                                                                                                                                               , weapons-2025            , Weapons (2025)                 , Zach Cregger
05 Aug 2025 ,    2.5, "I wouldve had infinitely more fun with Weapons if half of it didnt feel like a Wikipedia summary of the film I was currently watching. Because when this film is nasty and irreverent, its a riot. When its pushing every piece of the puzzle into place it loses quite a bit of steam."                                                                                                                                                                                                                                                                                                                                                                                                                                                                                                                                                                                                                                                                                                                                                                                                                                                                                                                                                                                                                                                                                                                                                                                                                                                                                                                                                                                                                                                                                                                                                                                                                                                                                                                                                                                                                                                                                                                                                                                                                                                                                                                                                                                                                                                                                                                                                                                                                                                                                                                                                                                                                                                                                                                                                                                    , weapons-2025            , Weapons (2025)                 , Zach Cregger
06 Aug 2025 ,    4.0, "After more than a decade of impassioned  and often maddeningly semantic  debate over the concept of elevated horror, it doesnt feel like a coincidence that the most exciting new voice in mainstream horror is a smart guy whos obsessed with scary basements."                                                                                                                                                                                                                                                                                                                                                                                                                                                                                                                                                                                                                                                                                                                                                                                                                                                                                                                                                                                                                                                                                                                                                                                                                                                                                                                                                                                                                                                                                                                                                                                                                                                                                                                                                                                                                                                                                                                                                                                                                                                                                                                                                                                                                                                                                                                                                                                                                                                                                                                                                                                                                                                                                                                                                                                                            , weapons-2025            , Weapons (2025)                 , Zach Cregger
05 Oct 2025 ,    0.0, U guys I showed up to my flight hungover and took my sleeping pill too early then the flight was delayed for four hours and I fell asleep on the floor of the airport and then I woke up and almost missed my flight now were waiting on the plane and I thought now would be a good time to log some moviesanyways I really loved this one                                                                                                                                                                                                                                                                                                                                                                                                                                                                                                                                                                                                                                                                                                                                                                                                                                                                                                                                                                                                                                                                                                                                                                                                                                                                                                                                                                                                                                                                                                                                                                                                                                                                                                                                                                                                                                                                                                                                                                                                                                                                                                                                                                                                                                                                                                                                                                                                                                                                                                                                                                                                                                                                                                                                  , weapons-2025            , Weapons (2025)                 , Zach Cregger
05 Aug 2025 ,    1.0, "The most bizarre, perplexing, confusing cinema experience of my life. "                                                                                                                                                                                                                                                                                                                                                                                                                                                                                                                                                                                                                                                                                                                                                                                                                                                                                                                                                                                                                                                                                                                                                                                                                                                                                                                                                                                                                                                                                                                                                                                                                                                                                                                                                                                                                                                                                                                                                                                                                                                                                                                                                                                                                                                                                                                                                                                                                                                                                                                                                                                                                                                                                                                                                                                                                                                                                                                                                                                                     , weapons-2025            , Weapons (2025)                 , Zach Cregger
04 Aug 2025 ,    4.5, "zach cregger has built such a distinct identity in horror and its fucking awesome. this really is an electric look at a filmmaker leveling up after a debut feature. a tense dissection of social paranoia and creggers own personal look at grief with moments and flashes of horror genius set in this small town suburban mystery with a narrative structure reminiscent of magnolia, while also being hilarious and creative and frightening in ways you dont quite expect. great theater experience."                                                                                                                                                                                                                                                                                                                                                                                                                                                                                                                                                                                                                                                                                                                                                                                                                                                                                                                                                                                                                                                                                                                                                                                                                                                                                                                                                                                                                                                                                                                                                                                                                                                                                                                                                                                                                                                                                                                                                                                                                                                                                                                                                                                                                                                                                                                                                                                                                                                                                                                                                                  , weapons-2025            , Weapons (2025)                 , Zach Cregger
07 Aug 2025 ,    4.5, "we simply dont get many horrors like this very often anymore, ones that are so merciless and unashamedly silly in their execution, the kind of film that makes me want to sit and watch with a variety of people simply to see how they respond to specific scenes (and fucking hell are there a lot of uber-stupid scenes in this). truly unsettling, and thrives as a paranoia-fueled spectacle, bound with an array of perspectives that play out in their own absurdist ways, feeding you little by little in terms of insight until it all blows up. I love how the whole thing deals with coercion, punishing characters for seemingly insignificant acts that they initially objected to translating in people quite literally being weaponised against one another. A world that penalises weakness. and when I say this is funny, I mean its really fucking funny at points - my whole screening was dying on multiple occasions, as was I (which shouldve been suspected after barbarian). Zach Cregger is the man. the whole thing is so much fun, silly provocations and all. I loved this shit. Lots. If you were to call it slightly hollow down to its many riffs and low-brow cuts, I wouldnt even contest it I just simply had such a great time. I cant picture everyone loving it."                                                                                                                                                                                                                                                                                                                                                                                                                                                                                                                                                                                                                                                                                                                                                                                                                                                                                                                                                                                                                                                                                                                                                                                                                                                                                                                                                                                                                                                                                                                                                                                                                                                                                                                                                                      , weapons-2025            , Weapons (2025)                 , Zach Cregger
22 Nov 2025 ,    0.0, "A gentle poem about time, loss, and reaching for meaning. Joel Edgerton gives his best performance as a logger working to build a life for his family. Felicity Jones is wonderful as always, and William H Macy gives a performance of surprising power despite its limited screen time. "                                                                                                                                                                                                                                                                                                                                                                                                                                                                                                                                                                                                                                                                                                                                                                                                                                                                                                                                                                                                                                                                                                                                                                                                                                                                                                                                                                                                                                                                                                                                                                                                                                                                                                                                                                                                                                                                                                                                                                                                                                                                                                                                                                                                                                                                                                                                                                                                                                                                                                                                                                                                                                                                                                                                                                                 , train-dreams            , Train Dreams (2025)            , Clint Bentley
21 Nov 2025 ,    4.0, Moments and people pass through our lives with such ease that its only when enough of them are goneand dont returnthat you start to understand whats been happening all along.                                                                                                                                                                                                                                                                                                                                                                                                                                                                                                                                                                                                                                                                                                                                                                                                                                                                                                                                                                                                                                                                                                                                                                                                                                                                                                                                                                                                                                                                                                                                                                                                                                                                                                                                                                                                                                                                                                                                                                                                                                                                                                                                                                                                                                                                                                                                                                                                                                                                                                                                                                                                                                                                                                                                                                                                                                                                                               , train-dreams            , Train Dreams (2025)            , Clint Bentley
12 Oct 2025 ,    4.5, "impossible not to feel each chop of wood, leaf crunch, and bird chirp within the seemingly unending landscape this sets itself in. I havent seen many films in recent years that use their surroundings as an anchor quite as effectively as this one. In its loneliest moments, something weirdly akin to a Aguirre, the Wrath of God, whilst also I being incredibly Malick-like with its ability to contextualise characters using only its stunning surroundings. The final moments reduced me to absolute tears."                                                                                                                                                                                                                                                                                                                                                                                                                                                                                                                                                                                                                                                                                                                                                                                                                                                                                                                                                                                                                                                                                                                                                                                                                                                                                                                                                                                                                                                                                                                                                                                                                                                                                                                                                                                                                                                                                                                                                                                                                                                                                                                                                                                                                                                                                                                                                                                                                                                                                                                                                      , train-dreams            , Train Dreams (2025)            , Clint Bentley
22 Nov 2025 ,    4.0, "Every year, there should be an award given to the most sublime film Netflix either produces andor distributes thats the least suited to viewing on their platform. And I hereby declare the contemplative, luminous Train Dreams as the inaugural winner of the Best Netflix Movie to Not Watch on Netflix Award.
                      (Note I watched it on Netflix.)"                                                                                                                                                                                                                                                                                                                                                                                                                                                                                                                                                                                                                                                                                                                                                                                                                                                                                                                                                                                                                                                                                                                                                                                                                                                                                                                                                                                                                                                                                                                                                                                                                                                                                                                                                                                                                                                                                                                                                                                                                                                                                                                                                                                                                                                                                                                                                                                                                                                                                                                                                                                                                                                                                                                                                                                                                                                                                                                                                                                                                                             , train-dreams            , Train Dreams (2025)            , Clint Bentley
30 Jan 2025 ,    2.5, "Im not sure Im as high on Train Dreams as everyone else its certainly overwhelmingly gorgeous, and its emotions and guilt are so close to the surface that they absolutely grab you. But part of me feels like its far too neat, wallowing in Edgertons character rather than bringing him closer to us. Despite his voiceover guiding us through the film, I find his character to be pretty forgettable because there isnt really anything defining about him other than his passivity. Hes a broad uncomplicated metaphor for white America but not much else."                                                                                                                                                                                                                                                                                                                                                                                                                                                                                                                                                                                                                                                                                                                                                                                                                                                                                                                                                                                                                                                                                                                                                                                                                                                                                                                                                                                                                                                                                                                                                                                                                                                                                                                                                                                                                                                                                                                                                                                                                                                                                                                                                                                                                                                                                                                                                                                                                                                                                                          , train-dreams            , Train Dreams (2025)            , Clint Bentley
21 Nov 2025 ,    5.0, "This movie killed me. It took my heart out of my chest and threw it into a pit of lava. I am dead.
                      This has to be one of the most beautifully melancholic films Ive ever seen in my life. Its a very simple movie about the life an unremarkable man who works as a logger. Im not a crier when watching movies, but this one destroyed me.
                      Every shot is stunning and charged with so much emotion but in such a subtle way.
                      If you liked Life of Chuck from earlier this year, definitely check this out (but bring your tissues)."                                                                                                                                                                                                                                                                                                                                                                                                                                                                                                                                                                                                                                                                                                                                                                                                                                                                                                                                                                                                                                                                                                                                                                                                                                                                                                                                                                                                                                                                                                                                                                                                                                                                                                                                                                                                                                                                                                                                                                                                                                                                                                                                                                                                                                                                                                                                                                                                                                                                                                                                                                                                                                                                                                                                                                                                                                                                                                                                                                      , train-dreams            , Train Dreams (2025)            , Clint Bentley
01 Dec 2025 ,    2.5, "I found myself strangely unmoved while watching this. Maybe the language of Terrence Malick has become the language of modern advertising, because the images here left me feeling empty. A picture of history sanitized for modern eyes, frictionless, maudlin."                                                                                                                                                                                                                                                                                                                                                                                                                                                                                                                                                                                                                                                                                                                                                                                                                                                                                                                                                                                                                                                                                                                                                                                                                                                                                                                                                                                                                                                                                                                                                                                                                                                                                                                                                                                                                                                                                                                                                                                                                                                                                                                                                                                                                                                                                                                                                                                                                                                                                                                                                                                                                                                                                                                                                                                                           , train-dreams            , Train Dreams (2025)            , Clint Bentley
30 Jan 2025 ,    4.5, "The unbearable tragedies and exultant moments both, hand in hand, walk us through a world bigger than we could possibly imagine, a world that is forever changed by our passing and at the same time wont remember our name. "                                                                                                                                                                                                                                                                                                                                                                                                                                                                                                                                                                                                                                                                                                                                                                                                                                                                                                                                                                                                                                                                                                                                                                                                                                                                                                                                                                                                                                                                                                                                                                                                                                                                                                                                                                                                                                                                                                                                                                                                                                                                                                                                                                                                                                                                                                                                                                                                                                                                                                                                                                                                                                                                                                                                                                                                                                              , train-dreams            , Train Dreams (2025)            , Clint Bentley
29 Nov 2025 ,    4.5, "Lights a fire deep within your soul to hold out through the ever increasing pain you may find yourself in. The towering world of mysterious progression you will never be ahead. The moments you stop to take in seemingly ripped away from you.
                      It ripped into a lingering self imposed isolation, pulling me from a coma of idle routine.
                      Massive, personal, everything I needed."                                                                                                                                                                                                                                                                                                                                                                                                                                                                                                                                                                                                                                                                                                                                                                                                                                                                                                                                                                                                                                                                                                                                                                                                                                                                                                                                                                                                                                                                                                                                                                                                                                                                                                                                                                                                                                                                                                                                                                                                                                                                                                                                                                                                                                                                                                                                                                                                                                                                                                                                                                                                                                                                                                                                                                                                                                                                                                                                                                                                                                     , train-dreams            , Train Dreams (2025)            , Clint Bentley
21 Nov 2025 ,    5.0, "some people spend their whole life wondering if heaven really exists, awaiting an answer we already have, we already live in. Life can truly feel hidden sometimes, like its something you have to find and not something that you blindly feel through every second of every day. The trees The wind The sky The sun The grass The plants. The people you find to share it with along the way. Being lost has a way of nature to it, the feeling of being alive. Like a bird flying through the sky is the best sequence of the entire year, maybe even the decade. Soaring through the clouds, freeing the mind and soul, dreaming of trains, remembering what it is to live. If this isnt nominated, then cancel the whole ceremony. Clint Bentley, Terrence Malick."                                                                                                                                                                                                                                                                                                                                                                                                                                                                                                                                                                                                                                                                                                                                                                                                                                                                                                                                                                                                                                                                                                                                                                                                                                                                                                                                                                                                                                                                                                                                                                                                                                                                                                                                                                                                                                                                                                                                                                                                                                                                                                                                                                                                                                                                                                    , train-dreams            , Train Dreams (2025)            , Clint Bentley
25 Nov 2025 ,    0.0, "Back in September, a friend  visiting the city for TIFF pressed a copy of Denis Johnsons novella into my handshis copy, as it turned out. He wanted me to have it and to read it before I saw the movie version. Im grateful for that, even though its as a direct result of reading the book really good a swift, impressionistic account of a life of no real consequencethat the film failed to impress me as it did him.  Not that its bad, exactly the spare, glancing style is derivative of you-know-who (the opening shot uses a (falling) Tree to symbolize all Of Life)  but still well suited to Johnsons prose, a lot of which is faithfully reproduced and nicely read by Will Patton. The cinematography is, you know, nice, and there are some passages where Clint Bentley and his editor Parker Laramie work up a (you guessed it) nice coruscating rhythm,  and some where they show a lot of patience by just sticking with Joel Edgerton and his face.  I like Edgerton, in general, and very much here  hes believably rugged as an avatar of the early 20th Century, and has right reticence for a man who doesnt expect to be listened to, and isnt sure he has much to say anyway. His performance is good  it pushes, gently but firmly, against the sanitized vibe of the proceedings. But about that sanitized vibe... it really isquite remarkable how thoroughly the filmmakers have worked to superimpose a contemporary, progressive perspective on the story and to efface (or simply erase) the grotesquerie that gives Johnsons prose (and his protagonists experiences) their vital life force. Their reasons for doing so are their own its a shame those impulses align with the prevailing tendency for so many literary adaptations to simplifyand, however well-meaningly, betray their source material in the nnam  of accesibility. Train Dreams The Movie scrubs Robert Grainers hands and conscience clean even as it covers him in ashes  it swaps out the bad things hes done for things beyond his power that he feels bad about.And it surely sentimentalizes (and, yes, more or less Instagram-ifies) his memories of fatherhood, especially when one of the details that brought me up short in the book was how Robert didnt really remember much about his late  daughter, and took comfort in how little shed ever seen or understood of the world before leaving it. The idea that we cant truly control or curate our memories, in waking life but especially not in dreams, and that in forcing meaning on them we only distort them, is frightening and profound.  Bentleys film, which I don think is either of these things, operates more schematically in the home stretch as a kind of psychic highlight reel. To paraphrase Johnson, it sees Robert as connected to all things, but in a way that  mainly makes those connections legible -- and sympathetic, and relatable -- to us. Thats nice. Beneath all its dutifully rendered melancholy, Bentleys movie is peddling reassurance, and it can keep it.", train-dreams            , Train Dreams (2025)            , Clint Bentley
09 Nov 2025 ,    4.5, "Devastating. As the worlds last surviving Nomadland superfan post-Oscar wins, its so exciting to see something a bit more distinctly narrativeconstructed from Chloé Zhao. And yeah, it made me want kids!!!! What doesnt!!! "                                                                                                                                                                                                                                                                                                                                                                                                                                                                                                                                                                                                                                                                                                                                                                                                                                                                                                                                                                                                                                                                                                                                                                                                                                                                                                                                                                                                                                                                                                                                                                                                                                                                                                                                                                                                                                                                                                                                                                                                                                                                                                                                                                                                                                                                                                                                                                                                                                                                                                                                                                                                                                                                                                                                                                                                                                              , hamnet                  , Hamnet (2025)                  , Chloé Zhao
30 Aug 2025 ,    4.0, "Adapted from Maggie OFarrells 2020 novel of the same name, Hamnet is an emotionally pulverizing drama that imagines how the death of William Shakespeare and Anne (or Agnes) Hathaways only son might have inspired the creation of his greatest tragedy think of it as Shakespeare in Agony. And yet the violent beauty of this film, which rips your soul out of your chest so completely that its seismic grief almost feels like falling in love or becoming a parent, is that its as much about the experience of having a child as it is about the experience of losing one. "                                                                                                                                                                                                                                                                                                                                                                                                                                                                                                                                                                                                                                                                                                                                                                                                                                                                                                                                                                                                                                                                                                                                                                                                                                                                                                                                                                                                                                                                                                                                                                                                                                                                                                                                                                                                                                                                                                                                                                                                                                                                                                                                                                                                                                                                                                                                                                                                                                                                                        , hamnet                  , Hamnet (2025)                  , Chloé Zhao
07 Dec 2025 ,    1.5, 30                                                                                                                                                                                                                                                                                                                                                                                                                                                                                                                                                                                                                                                                                                                                                                                                                                                                                                                                                                                                                                                                                                                                                                                                                                                                                                                                                                                                                                                                                                                                                                                                                                                                                                                                                                                                                                                                                                                                                                                                                                                                                                                                                                                                                                                                                                                                                                                                                                                                                                                                                                                                                                                                                                                                                                                                                                                                                                                                                                                                                                                                           , hamnet                  , Hamnet (2025)                  , Chloé Zhao
07 Sep 2025 ,    4.0, "Theres going to be a lot of very warranted conversations about the spectacular performances from Buckley and Mescal and Jacobi Jupe, but I found myself extremely captivated by Noah Jupes big moment. A big ouch of a watch, in the most complimentary way."                                                                                                                                                                                                                                                                                                                                                                                                                                                                                                                                                                                                                                                                                                                                                                                                                                                                                                                                                                                                                                                                                                                                                                                                                                                                                                                                                                                                                                                                                                                                                                                                                                                                                                                                                                                                                                                                                                                                                                                                                                                                                                                                                                                                                                                                                                                                                                                                                                                                                                                                                                                                                                                                                                                                                                                                               , hamnet                  , Hamnet (2025)                  , Chloé Zhao
16 Nov 2025 ,    4.5, "What happens to a bond when loss teaches each person to grieve in their own isolated way? What makes Hamnet so affecting is not simply the tragedy itself, but the way it portrays the sorrow that stays in the spaces between Agnes and William. They are two people who love differently, who move through the world with entirely separate languages, yet they are bound by the same unbearable absence."                                                                                                                                                                                                                                                                                                                                                                                                                                                                                                                                                                                                                                                                                                                                                                                                                                                                                                                                                                                                                                                                                                                                                                                                                                                                                                                                                                                                                                                                                                                                                                                                                                                                                                                                                                                                                                                                                                                                                                                                                                                                                                                                                                                                                                                                                                                                                                                                                                                                                                                                                                                                                                                                , hamnet                  , Hamnet (2025)                  , Chloé Zhao
13 Oct 2025 ,    3.0, "staged really well, loved the fleeting woodland shots in the first half. full of many grand moments layered with pure tragedy, but none of them fully delivered the expected emotional eruption - several bits just left me feeling a bit cold.  asks you to commit to very particular moments, almost relies on them to love it. Feels as though the great score does a lot of the heavy lifting here during its darkest moments. that piece of music at the end would elevate anything. Jacobi Jupe delivers one of the best child performances Ive seen in a minute!  Jessie Buckley is obviously great too! good bit to like, but wish it got me in my feelings a little more."                                                                                                                                                                                                                                                                                                                                                                                                                                                                                                                                                                                                                                                                                                                                                                                                                                                                                                                                                                                                                                                                                                                                                                                                                                                                                                                                                                                                                                                                                                                                                                                                                                                                                                                                                                                                                                                                                                                                                                                                                                                                                                                                                                                                                                                                                                                                                                                         , hamnet                  , Hamnet (2025)                  , Chloé Zhao
08 Dec 2025 ,    2.0, "This left me cold. I remained unmoved by its manicured emotions and visual earthiness. Well, thats not entirely true. I was definitely annoyed by this film. I found it trite, its emotional depth and psychological sketching of its characters too brittle. I wasnt moved to weep at the films simplistic portrayal of grief, earth mothers, artistic creation, and a family wrecked by the unexpected loss of a young child. "                                                                                                                                                                                                                                                                                                                                                                                                                                                                                                                                                                                                                                                                                                                                                                                                                                                                                                                                                                                                                                                                                                                                                                                                                                                                                                                                                                                                                                                                                                                                                                                                                                                                                                                                                                                                                                                                                                                                                                                                                                                                                                                                                                                                                                                                                                                                                                                                                                                                                                                                                                                                                                           , hamnet                  , Hamnet (2025)                  , Chloé Zhao
16 Jan 2026 ,    5.0, will you be brave?                                                                                                                                                                                                                                                                                                                                                                                                                                                                                                                                                                                                                                                                                                                                                                                                                                                                                                                                                                                                                                                                                                                                                                                                                                                                                                                                                                                                                                                                                                                                                                                                                                                                                                                                                                                                                                                                                                                                                                                                                                                                                                                                                                                                                                                                                                                                                                                                                                                                                                                                                                                                                                                                                                                                                                                                                                                                                                                                                                                                                                                           , hamnet                  , Hamnet (2025)                  , Chloé Zhao
14 Jan 2026 ,    1.5, "As I come here to log this, I realize the tagline is KEEP YOUR HEART OPEN. I almost always do whenever I walk into a movie. But I walked out of this utterly unmoved and uninspired. It is the easiest thing in the world to make me cry, but my eyes remained dry, which means the disingenuity overpowered any sense of emotional manipulation I was willing to let in. Yikes. I thought at least this would look good or have breathtaking performances. Everyone seems to be going through the motions of what might earn them an Oscar. Screaming, crying, grieving, but never digging further  which I fault not the performers, as that is a limitation set by the screenplay and direction. I expected the leads to be good, and they were perfectly good, but they never, ever surprised me. And then there are the visual choices, which I truly could not care for, mostly because it promises a kind of movie that it never delivers You get a chance to tell a wild, witchy, feminist, possibly hellbent tale of a woman we know little about and you deliver... THIS? This is your Agnes? Turned into a complete rube by the end? (Also I hated that CCTV camera angle when they have full pants-on sex lol.)"                                                                                                                                                                                                                                                                                                                                                                                                                                                                                                                                                                                                                                                                                                                                                                                                                                                                                                                                                                                                                                                                                                                                                                                                                                                                                                                                                                                                                                                                                                                                                                                                                                                                                                                                                                                                                                                , hamnet                  , Hamnet (2025)                  , Chloé Zhao
07 Sep 2025 ,    4.0, "The rest is silence.
                      I think its wondrous that Shakespeares work still enchants and moves me to tears. A lot here that knocked me over. A lot here that is quietly profound. A surprising amount that feels more like a means to a very cathartic end.
                      House of Cinema episode available now wherever you listen to podcasts )"                                                                                                                                                                                                                                                                                                                                                                                                                                                                                                                                                                                                                                                                                                                                                                                                                                                                                                                                                                                                                                                                                                                                                                                                                                                                                                                                                                                                                                                                                                                                                                                                                                                                                                                                                                                                                                                                                                                                                                                                                                                                                                                                                                                                                                                                                                                                                                                                                                                                                                                                                                                                                                                                                                                                                                                                                                                                                                                                                                                                     , hamnet                  , Hamnet (2025)                  , Chloé Zhao
28 Dec 2025 ,    2.5, "Its not everyday you see a capital W Weepie in theatres, and Chloe Zhao wants you to know it. "                                                                                                                                                                                                                                                                                                                                                                                                                                                                                                                                                                                                                                                                                                                                                                                                                                                                                                                                                                                                                                                                                                                                                                                                                                                                                                                                                                                                                                                                                                                                                                                                                                                                                                                                                                                                                                                                                                                                                                                                                                                                                                                                                                                                                                                                                                                                                                                                                                                                                                                                                                                                                                                                                                                                                                                                                                                                                                                                                                             , hamnet                  , Hamnet (2025)                  , Chloé Zhao
27 Jul 2025 ,    5.0, i feel guilty when i dont think about it.                                                                                                                                                                                                                                                                                                                                                                                                                                                                                                                                                                                                                                                                                                                                                                                                                                                                                                                                                                                                                                                                                                                                                                                                                                                                                                                                                                                                                                                                                                                                                                                                                                                                                                                                                                                                                                                                                                                                                                                                                                                                                                                                                                                                                                                                                                                                                                                                                                                                                                                                                                                                                                                                                                                                                                                                                                                                                                                                                                                                                                    , sorry-baby-2025         , "Sorry, Baby (2025)"           , Eva Victor
30 Jun 2025 ,    5.0, "The static shot outside the house as day turns to evening, then to night. The drive home afterward. The dip in the bath as you ramble, trying to make sense of what just happened to you. Eva Victor, you gave me chills.
                      Sorry, Baby is perfection in every sense of word. The way its effortlessly funny in the driest way possible in one moment, then absolutely shattering in the next. Eva Victor is not only in complete command of the story and its tone theyre also commanding on screen, delivering a performance that genuinely moved me."                                                                                                                                                                                                                                                                                                                                                                                                                                                                                                                                                                                                                                                                                                                                                                                                                                                                                                                                                                                                                                                                                                                                                                                                                                                                                                                                                                                                                                                                                                                                                                                                                                                                                                                                                                                                                                                                                                                                                                                                                                                                                                                                                                                                                                                                                                                                                                                                                                                                                                                                                                                                                                                                                                                                                 , sorry-baby-2025         , "Sorry, Baby (2025)"           , Eva Victor
26 Jun 2025 ,    4.5, "In the questionnaire you wrote, how would your friends describe you smart. You crossed that out and wrote, tall.The scene with John Carroll Lynch reminded me of the big Janelle Monáe moment in Moonlight. When a person is the exact right kind of nice at the exact right moment that someone else needs it."                                                                                                                                                                                                                                                                                                                                                                                                                                                                                                                                                                                                                                                                                                                                                                                                                                                                                                                                                                                                                                                                                                                                                                                                                                                                                                                                                                                                                                                                                                                                                                                                                                                                                                                                                                                                                                                                                                                                                                                                                                                                                                                                                                                                                                                                                                                                                                                                                                                                                                                                                                                                                                                                                                                                                            , sorry-baby-2025         , "Sorry, Baby (2025)"           , Eva Victor
03 Aug 2025 ,    3.5, "Really wanted to love this, the performances are great, the direction is good, the story structure is excellent. I guess I just found the dialogue to be a little standard and unengaging a lot of the time, especially in comparison to how gripping the wordless nighttime driving scene was. I think the main character using humor to cope is a smart idea that usually worked, but there are some jokes that landed with a thud (my audience of mostly women was dead silent at the We...are women scene). Dont think I heard a single chuckle during the beating a mouse to death scene either.Ultimately though, it is admirable in a way how refreshingly messy and honest this movie is. Its nice to see life go on in a film that doesnt take an overwhelmingly bleak approach to this subject matter. I really liked it. I think I wouldve loved it if any line of dialogue stuck out in an exceptional way."                                                                                                                                                                                                                                                                                                                                                                                                                                                                                                                                                                                                                                                                                                                                                                                                                                                                                                                                                                                                                                                                                                                                                                                                                                                                                                                                                                                                                                                                                                                                                                                                                                                                                                                                                                                                                                                                                                                                                                                                                                                                                                                                                    , sorry-baby-2025         , "Sorry, Baby (2025)"           , Eva Victor
30 Jul 2025 ,    0.0, "liked this a lot!! a lesser debut would sink under the weight of its writerdirector trying to also juggle its central performance, but eva handles all three without feeling like something has completely fallen through. so confidently directed, i would love to read this script and see how they scripted certain scenes."                                                                                                                                                                                                                                                                                                                                                                                                                                                                                                                                                                                                                                                                                                                                                                                                                                                                                                                                                                                                                                                                                                                                                                                                                                                                                                                                                                                                                                                                                                                                                                                                                                                                                                                                                                                                                                                                                                                                                                                                                                                                                                                                                                                                                                                                                                                                                                                                                                                                                                                                                                                                                                                                                                                                             , sorry-baby-2025         , "Sorry, Baby (2025)"           , Eva Victor
20 Jul 2025 ,    0.0, "its not difficult for most people who havent been sexually assaulted to understand the tragedy of it. its harder for anyone who hasnt experienced it to understand how the aftermath of something so horrific can be so laughably fucked up and uncomfortable. eva victor has achieved something great with this, engaging in the tragicomedy that comes after The Bad Thing happens and life just goes on as it always had. its agonizing, its funny, its awkward, its painful and its loving. "                                                                                                                                                                                                                                                                                                                                                                                                                                                                                                                                                                                                                                                                                                                                                                                                                                                                                                                                                                                                                                                                                                                                                                                                                                                                                                                                                                                                                                                                                                                                                                                                                                                                                                                                                                                                                                                                                                                                                                                                                                                                                                                                                                                                                                                                                                                                                                                                                                                                                                                                                                           , sorry-baby-2025         , "Sorry, Baby (2025)"           , Eva Victor
02 Feb 2025 ,    5.0, "Seismic and smothering. Drapes itself across you and tangles itself up in your hair. Breathes down your neck and slithers across your skin and clings so, so tight. Cant write about this one without choking on my own experiences with the subject matter. What I can write is this Sorry, Baby nails it. "                                                                                                                                                                                                                                                                                                                                                                                                                                                                                                                                                                                                                                                                                                                                                                                                                                                                                                                                                                                                                                                                                                                                                                                                                                                                                                                                                                                                                                                                                                                                                                                                                                                                                                                                                                                                                                                                                                                                                                                                                                                                                                                                                                                                                                                                                                                                                                                                                                                                                                                                                                                                                                                                                                                                                               , sorry-baby-2025         , "Sorry, Baby (2025)"           , Eva Victor
03 Aug 2025 ,    4.5, "three years isnt that long. I mean, its long, but its not that long."                                                                                                                                                                                                                                                                                                                                                                                                                                                                                                                                                                                                                                                                                                                                                                                                                                                                                                                                                                                                                                                                                                                                                                                                                                                                                                                                                                                                                                                                                                                                                                                                                                                                                                                                                                                                                                                                                                                                                                                                                                                                                                                                                                                                                                                                                                                                                                                                                                                                                                                                                                                                                                                                                                                                                                                                                                                                                                                                                                                                       , sorry-baby-2025         , "Sorry, Baby (2025)"           , Eva Victor
28 Jan 2025 ,    4.5, "Eva Victors SORRY, BABY is just tremendous. Its so controlled yet unexpected, pained but funny. I love the Didion-inspired construction, the pitch-perfect character actors who appear, and Victors calibrated performance. Its probably the best thing at Sundance."                                                                                                                                                                                                                                                                                                                                                                                                                                                                                                                                                                                                                                                                                                                                                                                                                                                                                                                                                                                                                                                                                                                                                                                                                                                                                                                                                                                                                                                                                                                                                                                                                                                                                                                                                                                                                                                                                                                                                                                                                                                                                                                                                                                                                                                                                                                                                                                                                                                                                                                                                                                                                                                                                                                                                                                                       , sorry-baby-2025         , "Sorry, Baby (2025)"           , Eva Victor
06 Aug 2025 ,    4.0, "Finally, depression is portrayed as it truly is. Im tired of seeing it in Hollywood as a state where someone cries and is in their bed, which is true, but it goes beyond that. Severe depression is living your day to day life but being destroyed inside, making jokes to pretend youre okay, having relationships so you can hold on to something, and always waiting for that next event that can change your way of thinking and get you out of that state. Very few times have I seen films where it is represented with total and absolute reality like Eva Victor did, and also her performance, where we can see a woman who pretends to be happy and her image consists of pretending to be many things. In my opinion, it was brilliant."                                                                                                                                                                                                                                                                                                                                                                                                                                                                                                                                                                                                                                                                                                                                                                                                                                                                                                                                                                                                                                                                                                                                                                                                                                                                                                                                                                                                                                                                                                                                                                                                                                                                                                                                                                                                                                                                                                                                                                                                                                                                                                                                                                                                                                                                                                                       , sorry-baby-2025         , "Sorry, Baby (2025)"           , Eva Victor
01 Feb 2025 ,    2.0, "Sundance 2025 Film 15
                      Sorry but this was like watching a feature-length version of that girl on Tik Tok who does those insufferable lead in an indie videos. Glad people are connecting with it because it obviously encapsulates heavy and (unfortunately) relatable subject matter to many, but all of the attempts at authentic quirky dialogue felt painfully phony and no one in this movie talks like a real person. I can only take so many Sundance mumblecore indies before my brain explodes."                                                                                                                                                                                                                                                                                                                                                                                                                                                                                                                                                                                                                                                                                                                                                                                                                                                                                                                                                                                                                                                                                                                                                                                                                                                                                                                                                                                                                                                                                                                                                                                                                                                                                                                                                                                                                                                                                                                                                                                                                                                                                                                                                                                                                                                                                                                                                                                                                                                                                                                                                                                           , sorry-baby-2025         , "Sorry, Baby (2025)"           , Eva Victor
